id,x,y
_M3A1296 (1),0.6838254293497427,1.0732157388605834
_M3A1419 (1),0.5883668627005915,0.6844474172478818
_M3A1539 (1),0.6911527374385051,0.6487027408342779
_M3A2701 (1),0.6045969550227275,0.6755775164058828
ARKM.1973-05-00007,0.6585766975619063,0.13830910379602301
ARKM.1973-05-00013,0.4666142176205187,0.39263037621829594
ARKM.1973-05-00014,0.360344642346436,-0.022659630888939096
ARKM.1973-05-00015,0.37362274036666343,-0.034478799017348315
ARKM.1973-05-00032,0.537168267399898,0.16312218249228938
ARKM.1973-05-00033,0.43365244874882647,0.215038053708203
ARKM.1973-05-00039,0.7094651348426887,0.316460440102886
ARKM.1973-05-00044,0.6868604744970419,0.3054099796585643
ARKM.1973-05-00045,0.6868780134519805,0.2862095612512438
ARKM.1973-05-00046,0.6680824463982462,0.30163066935770594
ARKM.1973-05-00083,0.7117487748478596,0.33863183098560645
ARKM.1973-05-00084,0.7288474225260881,0.3279810306430683
ARKM.1973-05-00088,0.7387492047155068,0.3593773274256876
ARKM.1973-05-00090,0.776365750209088,0.37505099292300464
ARKM.1973-05-00092,0.7210296423095076,0.37432205206526964
ARKM.1973-05-00093,0.7742966337823272,0.3552494243148767
ARKM.1973-05-00094,0.7562332790020495,0.34580280293627275
ARKM.1973-05-00095,0.7504989316317576,0.3756874853905206
ARKM.1973-05-00126,0.596328741657089,0.6140539832323657
ARKM.1973-05-00141;ARKM.1973-05-00142,0.5695699242286962,0.15467634878810987
ARKM.1973-05-00148,0.07901748915963044,0.3899918592178553
ARKM.1973-05-00149,0.6910032232139229,0.0926027850962218
ARKM.1973-05-00240,0.41156622248726793,0.44100199023612396
ARKM.1973-05-00241,0.5887767073952578,0.4092695811526959
ARKM.1973-05-00243,0.3927743556348908,0.12112438310979896
ARKM.1973-05-00244,0.3903626686271932,0.0921296891658624
ARKM.1973-05-00249,0.4654366579442364,0.018476101900561818
ARKM.1973-05-00250,0.3448669769616791,0.4130020772337176
ARKM.1973-05-00278,0.31452698155305686,0.42590763615748667
ARKM.1973-05-00279,0.3074939084759134,0.44026680327972595
ARKM.1973-05-00341,0.39225182825557164,0.4294222505298214
ARKM.1973-05-00349,0.1885302769057898,0.3163553324662252
ARKM.1973-05-00350,0.6397981174644114,0.09936067844347203
ARKM.1973-05-00364,0.3054162621445796,0.1183130328685287
ARKM.1973-05-00778,0.6870342491300122,0.1771613937094847
ARKM.1973-05-00779,0.6909076098771906,0.13378572585746246
ARKM.1973-05-00784,0.7161150574283521,0.13106737371800645
ARKM.1973-05-00785,0.6561740258425216,0.08713461868572103
ARKM.1973-05-00835,0.5072424422782122,0.19639009700503116
ARKM.1973-05-00838,0.4579862402029481,0.04134718070534522
ARKM.1973-05-01138,0.6794781124759671,0.11740445539329446
ARKM.1973-05-01154,0.7990563009816943,0.3324316849235216
ARKM.1973-05-01232,0.5632509109568268,0.052493059982533945
ARKM.1973-05-01233,0.2952947758865124,0.0381233862845201
ARKM.1973-05-01234,0.28915847939989525,0.02324298366930474
ARKM.1973-05-01237,0.519911761722235,0.40353549437127056
ARKM.1973-05-01444,-0.022834292830814732,0.2113404689008131
ARKM.1973-05-01791,0.08491495735693519,0.21998138732554443
ARKM.1973-05-01854,0.6614507604447344,0.5209768482595708
ARKM.1973-05-01859,0.09816436595876574,0.1868104993438507
ARKM.1973-05-01952,0.4808586167116472,0.4914986815886949
ARKM.1973-05-01999A;ARKM.1973-05-01999B,0.91252149924729,0.6014556227008302
ARKM.1973-05-02044,0.3156262282965071,0.27141481441068543
ARKM.1973-05-02045,0.3417932383648561,0.27828779778070334
ARKM.1973-05-02046,0.332553109875125,0.26371238064084956
ARKM.1973-05-02198,0.6844608636755621,0.22458670219365576
ARKM.1973-05-02199,0.6560993039977963,0.21706354747066295
ARKM.1973-05-02200,0.16139825341900899,0.2728337200618381
ARKM.1973-05-02201,0.1780005619629275,0.265318972182686
ARKM.1973-05-02202,0.6982407209523337,0.21321650855293678
ARKM.1973-05-02203,0.6679677653189636,0.20575047257057089
ARKM.1973-05-02292,0.5310365736108402,0.1901531981211861
ARKM.1973-05-02305,0.4295918258018306,0.31275628872500055
ARKM.1973-05-02363,0.5961235657247949,0.2183762319980675
ARKM.1973-05-02522,0.4569273595503584,0.48909853942875503
ARKM.1973-05-02525,0.6236502428320188,0.5368969103802603
ARKM.1973-05-02534,0.2478170276811029,0.18262692130890987
ARKM.1973-05-02549,0.5636497535673083,0.11384692349277295
ARKM.1973-05-02568,0.5931898844567038,0.5034170635694224
ARKM.1973-05-02662,0.28643648341672584,0.3969328900555691
ARKM.1973-05-02671,0.12816966387953369,0.2974106923826793
ARKM.1973-05-02691,0.12798210716672428,0.27663847629868066
ARKM.1973-05-02706,0.562258964336031,0.33238320932485366
ARKM.1973-05-02707,0.5498892740097139,0.32309150903548495
ARKM.1973-05-02724,0.42326089599934186,0.5164908692674094
ARKM.1973-05-02728,0.5541502340938511,0.5207813086944552
ARKM.1973-05-02729,0.632448451496861,0.372226542153809
ARKM.1973-05-02767,0.5706968104628626,0.19820058173135358
ARKM.1973-05-02770,0.5987969439588148,0.243603033444144
ARKM.1973-05-02862,0.6298111508855553,0.9567217653762834
ARKM.1973-05-02886,0.16599569349324186,0.1373826315562482
ARKM.1973-05-02971,0.4778581968935816,0.42406913772274063
ARKM.1973-05-02981,0.4604267002233663,0.4220153245481485
ARKM.1973-05-03005,0.5806284546728846,0.7478393151171567
ARKM.1973-05-03090,0.31814986266505924,0.4918623954293923
ARKM.1973-05-03097,0.593630943444916,0.4288247399115308
ARKM.1973-05-03100,0.17230144238088707,0.34197469267236646
ARKM.1973-05-03109,0.1707302107271169,0.40133697473570557
ARKM.1973-05-03118,0.29795048896602766,0.4972888297612376
ARKM.1973-05-03124,0.131742791974764,0.4123086000892188
ARKM.1973-05-03128,0.3961925591113754,0.40951456649254825
ARKM.1973-05-03129,0.6064488747050523,0.2591686107871794
ARKM.1973-05-03157,0.4751898954891069,0.5726828643600712
ARKM.1973-05-03274,0.24283664704650015,0.3102140301247223
ARKM.1973-05-03288,0.48721000494437217,0.5824382861109646
ARKM.1973-05-03342,0.15525031886553367,0.382852884066697
ARKM.1973-05-03350,0.14219924363423195,0.3958495952858585
ARKM.1973-05-03450,0.6869298322471842,0.07694025692745786
ARKM.1973-05-03456,0.28216485531349095,0.4917311939051123
ARKM.1973-05-03460,0.22657695962283247,0.4783924430478995
ARKM.1973-05-03461,0.24323499117979644,0.49167665134702704
ARKM.1973-05-03482,0.30983020537059747,0.3362965506350942
ARKM.1973-05-03848,0.28611382648044137,0.20228457899105498
ARKM.1973-05-04717,0.08453205852571197,0.34695725670144245
ARKM.1973-05-04769,0.13013471635556711,0.45631414780583096
ARKM.1973-05-04770,0.1131106457284817,0.4553483410473399
ARKM.1973-05-04800,0.34177791922214706,0.23015729017189543
ARKM.1973-05-04801,0.32499182524848225,0.23750540304532095
ARKM.1973-05-04803,0.48907793294759394,0.5211937813397516
ARKM.1973-05-04807,0.5113001483467355,0.5268063478092762
ARKM.1973-05-04816,0.24082559398347464,0.10388871526320599
ARKM.1973-05-04818,0.6042072728668445,0.5639848472224822
ARKM.1973-05-04832,0.6044780262879247,0.5200758427728042
ARKM.1973-05-04864,-0.03904881878257675,0.29642911423677115
ARKM.1973-05-04865,0.003288849609514805,0.29932065794982743
ARKM.1973-05-04870,-0.024052743300538193,0.2973285474316964
ARKM.1973-05-04872,0.005747738647792842,0.2786524844753462
ARKM.1973-05-04919,0.3558704452418832,0.49521200633034607
ARKM.1973-05-04958,0.18081242951657286,0.22694013389547216
ARKM.1973-05-05006,0.5803082839030953,0.4828293374556092
ARKM.1973-05-05012,0.876245279941651,0.47265956762702843
ARKM.1973-05-05014,0.621013253471894,0.42172294450722464
ARKM.1973-05-05020,0.6988818974028491,0.5439304894226455
ARKM.1973-05-05142,0.7202720669002967,0.27028919909936705
ARKM.1973-05-05146,0.32674420609534416,0.08701706876554395
ARKM.1973-05-05189,0.28382356180770263,0.2851266587979845
ARKM.1973-05-05191,0.3539612774219363,0.11220463862043865
ARKM.1973-05-05198,0.6336777745643424,0.4960004903194778
ARKM.1973-05-05206,0.6465496035687389,0.5892205284503182
ARKM.1973-05-05277,0.22049831744321133,0.2508698408053529
ARKM.1973-05-05278,0.24020077685306016,0.2556691247734055
ARKM.1973-05-05376,0.5280092761078173,0.45158159162306194
ARKM.1973-05-05386,0.4554202218842716,0.5642258080589847
ARKM.1973-05-05397,0.4836211155711684,0.1503032232343842
ARKM.1973-05-05497,0.3550203426317013,0.593150660879868
ARKM.1973-05-05498,0.31692168115270153,0.576469626799667
ARKM.1973-05-05499,0.3494363688262688,0.5726727278221543
ARKM.1973-05-05500,0.3324330657371996,0.582169308401394
ARKM.1973-05-05537,0.8787299782242126,0.0869554327567596
ARKM.1973-05-05538,0.9008078686139573,0.10977007295001867
ARKM.1973-05-05540,0.8679356136058717,0.11673489121145851
ARKM.1973-05-05542,0.8792652485148182,0.10716732973636742
ARKM.1973-05-05655,0.7435666684042018,0.2134202008133287
ARKM.1973-05-05661,0.7456074389834886,0.23213619218539194
ARKM.1973-05-05734,0.45093965085548293,0.3579575380101527
ARKM.1973-05-05736,0.43812759166719767,0.3482679196444731
ARKM.1973-05-05738,0.13978347588932385,0.19642243924358718
ARKM.1973-05-06130,0.4825888508598191,0.16973751566239187
ARKM.1973-05-06137,0.2454168620901444,0.15739033738070562
ARKM.1973-05-06139,0.27829291309754817,0.06940315469290988
ARKM.1973-05-06143,0.02036608344349955,0.15330678616356974
ARKM.1973-05-06180,0.12267574356960866,0.33051412924788354
ARKM.1973-05-06181,0.26616560681212487,0.11399106248976822
ARKM.1973-05-06182,0.21460878342590115,0.14922136799831012
ARKM.1973-05-06183,0.4029461779779168,0.21344406071781402
ARKM.1973-05-06209,0.2860089591555349,0.138965095502158
ARKM.1973-05-06210,0.298689021299235,0.15201566287708934
ARKM.1973-05-06217,0.2665720177603254,0.3561425376634782
ARKM.1973-05-06223,0.3581534790911505,0.340052284415152
ARKM.1973-05-06242,0.17928673793461952,0.16086111966989022
ARKM.1973-05-06257,0.14995893712240388,0.33194719631673003
ARKM.1973-05-06288,0.3373293440464739,0.3078947899182358
ARKM.1973-05-06332,0.2606387846216506,0.13592895212272058
ARKM.1973-05-06334,0.21527128718454513,0.3584084782108023
ARKM.1973-05-06494,0.6062951125896653,0.34478311831003267
ARKM.1973-05-06505,0.2664995909403759,0.3287890453111469
ARKM.1973-05-06537,0.2712571624310791,0.37683184057402763
ARKM.1973-05-06542,0.34128194228041847,0.3489809246954898
ARKM.1973-05-06544,0.2936993690476373,0.3650905236278024
ARKM.1973-05-06612,0.23699509024342852,0.43057979795409124
ARKM.1973-05-06657,0.22579186388919506,0.12927680026200064
ARKM.1973-05-06658,0.36282515080130073,0.1541574444695445
ARKM.1973-05-06659,0.38469888281941594,0.18017613718923575
ARKM.1973-05-06661,0.37705419024556897,0.16498105402475322
ARKM.1973-05-06663,0.35073215354978443,0.17894317560240913
ARKM.1973-05-07068,0.5867337812029573,0.18470896667562978
ARKM.1973-05-07098,0.3241756771883019,0.16609744608776966
ARKM.1973-05-07099,0.1303685059519564,0.07419133439304904
ARKM.1973-05-07125,0.12526836242493966,0.2187264770286126
ARKM.1973-05-07126,0.39354120739390347,0.268584162386268
ARKM.1973-05-07130,0.4162810895744151,0.256027483274545
ARKM.1973-05-07248,0.27331505463515104,0.2269723798416711
ARKM.1973-05-07249,0.10373821889593159,0.14189796276910907
ARKM.1973-05-07270,0.08822356012727545,0.1420917593608749
ARKM.1973-05-07754,0.3368424535591576,-0.00978129540255148
ARKM.1973-05-07756,0.05660231714754323,0.25246133691282724
ARKM.1973-05-07757,0.0679892414861945,0.24168306809171355
ARKM.1973-05-07763,0.32693284985184196,0.0068279217602939864
ARKM.1973-05-07772,0.49195224652720154,0.33197470971708515
ARKM.1973-05-07794,0.40955903230625484,0.14320474354294807
ARKM.1973-05-07795,0.38190524608205884,0.22164655154413593
ARKM.1973-05-07800,0.3856958607484127,0.2391225672605201
ARKM.1973-05-07973,0.36036585855918707,0.3212205444472784
ARKM.1973-05-08007,0.2139527890313085,0.28803002821772256
ARKM.1973-05-08008,0.2191388013377969,0.306812504440488
ARKM.1973-05-08010,0.7009641230881781,0.16530018382355427
ARKM.1973-05-08011,0.7183992228374532,0.15724753883970224
ARKM.1973-05-08024,0.6365864683590375,0.14512863027078748
ARKM.1973-05-08026,0.1841167008681971,0.013588526782110193
ARKM.1973-05-08166,0.7489391245421544,0.18577565927093537
ARKM.1973-05-08302,0.7542917728708587,0.10536060449741909
ARKM.1973-05-08325,0.7952154622793675,0.14802772522548852
ARKM.1973-05-08331,0.6905817968163769,0.05923926286314487
ARKM.1973-05-08332,0.7412840420954941,0.11662294799679351
ARKM.1973-05-08355,0.7678580373824837,0.14560139702387362
ARKM.1973-05-08356,0.8248717359889247,0.20034051615524795
ARKM.1973-05-08383,0.6870386363584561,0.030406465575695263
ARKM.1973-05-08412,0.27046743147904395,0.012370784289670285
ARKM.1973-05-08472,0.515105303414394,0.5936425301753969
ARKM.1973-05-08473,0.4429595401415209,0.1851928584001265
ARKM.1973-05-08501,0.5159382705643875,0.11681988042847999
ARKM.1973-05-08503,0.46155593694168895,0.10710397112512103
ARKM.1973-05-08504,0.4870777985219023,0.10207176105744105
ARKM.1973-05-08508,0.49840383054738324,0.12339800747865373
ARKM.1973-05-08584,0.27296893540220774,0.17352410833504084
ARKM.1973-05-08585,0.22054410319674325,0.1777094330046627
ARKM.1973-05-08686,0.021476133876477198,0.704286114449455
ARKM.1973-05-08687,0.038237164257175306,0.6833274284852605
ARKM.1973-05-08688,0.01954598894825655,0.6796669416442964
ARKM.1973-05-08689,0.06532280659971498,0.678279396799959
ARKM.1973-05-08690,0.07405962844396836,0.7147168367624019
ARKM.1973-05-08691,0.06264480764972644,0.6956840301820421
ARKM.1973-05-08694,0.08781671806248648,0.6903771702763868
ARKM.1973-05-08695,0.051070486423345766,0.7134668310075098
ARKM.1973-05-08762,0.09565352867340988,0.10135782703582666
ARKM.1973-05-08763,0.02717293658563992,0.31202101181097036
ARKM.1973-05-08765,0.28342850172178113,0.24558845448104746
ARKM.1973-05-08796,0.14217343323995849,0.12866465506061653
ARKM.1973-05-08900,0.6211561136777317,0.08694738028747534
ARKM.1973-05-09038,0.49394312642871857,0.3118100661761605
ARKM.1973-05-09053,0.444231072956131,0.14390262606914384
ARKM.1973-05-09127,0.2221308138054376,0.2221286629455102
ARKM.1973-05-09151,0.1976741146771693,0.23814588012011262
ARKM.1973-05-09185,0.4399836190173571,0.5504306857160554
ARKM.1973-05-09346,0.15156094392458966,0.17219025669972263
ARKM.1973-05-09417,0.5058002511937244,0.16370290592880607
ARKM.1973-05-09419,0.09892669488080072,0.3406252942620623
ARKM.1973-05-09420,0.3818585351073504,0.07018481078488766
ARKM.1973-05-09421,0.36303698849838223,0.07448201387728526
ARKM.1973-05-09422,0.4431429733983651,0.02536696984260969
ARKM.1973-05-09438,0.40482932730781807,0.30577273435770497
ARKM.1973-05-09565,0.6194250556611433,0.35932478753307984
ARKM.1973-05-09582,0.64705278164555,0.2847544718477765
ARKM.1973-05-09619,0.6311535822619675,0.2571394768680001
ARKM.1973-05-09755,0.5276563772136015,0.015446075839496665
ARKM.1973-05-09846,0.47470329478151796,0.6036820988118481
ARKM.1973-05-09866,0.016747017808580608,0.39353657652189883
ARKM.1973-05-09875,-0.016619897883157226,0.40153572839464036
ARKM.1973-05-09898,0.16356237933398998,0.0767309452454181
ARKM.1973-05-09919,0.17355753662468934,0.18834204957234174
ARKM.1973-05-10137,0.21996811072267128,0.4214337867874505
ARKM.1973-05-10368,0.4540560209829564,0.27330339782480345
ARKM.1973-05-10410,0.5061046230058266,0.2647410478020515
ARKM.1973-05-10411,0.35266087149187353,0.43531788319706116
ARKM.1973-05-10412,0.47039878961801324,0.30946684693220455
ARKM.1973-05-10423,0.17661438213178576,0.20674357524069745
ARKM.1973-05-10427,0.19864459785721267,0.1884310965394072
ARKM.1973-05-10462,0.20113072143404911,0.3328222434915053
ARKM.1973-05-10465,0.04489516708945252,0.17758688443593695
ARKM.1973-05-10466,0.28564539424780533,0.09544431083665667
ARKM.1973-05-10470,0.5377486366704664,0.49462902766368644
ARKM.1973-05-10476,-0.017766719007856237,0.16070737406286564
ARKM.1973-05-10485,0.18559062190249523,0.3719043986401152
ARKM.1973-05-10503,0.13433838339696624,0.3630718963326225
ARKM.1973-05-10508,0.44882142632961447,0.2399792003489112
ARKM.1973-05-10598,-0.008284416830725385,0.17821895477071653
ARKM.1973-05-10601,0.2312061397475927,0.3425064831776931
ARKM.1973-05-10602,0.21372561834821205,0.07626949878778387
ARKM.1973-05-10715,0.002153116025340854,0.1916503097389734
ARKM.1973-05-10721,0.3808110494107817,0.28977340537951735
ARKM.1973-05-10764,0.021311964771505574,0.20711227452705827
ARKM.1973-05-11133,0.5304739229953808,0.5507975001615463
ARKM.1973-05-11551,0.8395274203461602,0.4736900707883304
ARKM.1973-05-11552,0.8554907333414258,0.4734368756788716
ARKM.1973-05-11555,0.8159009754890088,0.47354826206650774
ARKM.1973-05-11557,0.09461522594235824,0.28742709102052527
ARKM.1973-05-11558,-0.0019835618030559776,0.39778544556719037
ARKM.1973-05-11572,0.3045674269556758,0.3805563464731767
ARKM.1973-05-11573,0.28749566796047044,0.3193401741856905
ARKM.1973-05-11577,0.25513060561137474,0.43477921201601544
ARKM.1973-05-11578,0.33309894269465523,0.37998020965069856
ARKM.1973-05-11599-003,0.6417864897806984,0.7191893308337799
ARKM.1973-05-11599-004,0.16402860796398244,0.0416330716613398
ARKM.1973-05-11656-001,0.7834028304755597,0.4566181245160543
ARKM.1973-05-11708-001,0.5503295638100301,0.21898574546580762
ARKM.1973-05-11755-025,0.5391348783553547,0.24831618792391116
ARKM.1973-05-11755-026,0.5335333195850603,0.26443221752788476
ARKM.1973-05-11760-001,0.5911478434208172,0.2987603221705848
ARKM.1973-05-11765-004,0.33033541678406675,0.5191781237965242
ARKM.1973-05-11765-010,0.2949920974496012,0.5228900711171599
ARKM.1973-05-11851-003,0.9157321311550195,0.4118675289860935
ARKM.1973-05-11851-004,0.9305387416692863,0.40512068553291575
ARKM.1973-05-11882-001-014;ARKM.1973-05-11882-001-015,0.38319928736684,0.36280862270938996
ARKM.1973-05-11882-001-016;ARKM.1973-05-11882-001-017,0.39901107909983086,0.35932800248485924
ARKM.1973-05-11889-001,0.7612932962670451,0.46741125680117507
ARKM.1973-05-11991-001,0.7316789290954446,0.40769096328111576
ARKM.1973-05-11993-002,0.3429769628251704,0.13861324845377201
ARKM.1973-05-12013-001,0.7710412702396705,0.41941910049018744
ARKM.1973-05-12019,0.5954478413408542,0.2765585690621672
ARKM.1973-05-12072-001,0.4435067895447433,0.29506554605647833
ARKM.1973-05-12072-002,0.42482524118580417,0.2777419228806286
ARKM.1973-05-12077-001,0.18290094978999688,0.034933264359805975
ARKM.1973-05-12099-029;ARKM.1973-05-12099-030,0.7235832326506888,0.5523524339099776
ARKM.1973-05-12301-001,0.20156028550153465,0.11357291081898012
ARKM.1973-05-12328-001,0.2527865389116552,0.2025717063762419
ARKM.1973-05-12328-002,0.16547206302230863,0.10592187841746527
ARKM.1973-05-12328-003,0.1785518384231084,0.0894171916975644
ARKM.1973-05-12328-004,0.12525854475295847,0.17292732207088785
ARKM.1973-05-12328-005,0.192619937477047,0.1370006947284516
ARKM.1973-05-12340-001,0.5302420153705827,0.06783468235907304
ARKM.1973-05-12340-002,0.5067593001866723,0.048166420368912485
ARKM.1973-05-12340-003,0.543720382895926,0.09362525956626908
ARKM.1973-05-12340-004,0.5006881348161284,0.07095235202708025
ARKM.1973-05-12340-005,0.4333424710394308,0.0777570421765875
ARKM.1973-05-12340-006,0.4595661725941903,0.07509304377876151
ARKM.1973-05-12340-007,0.4798547541024497,0.0795696750161071
ARKM.1973-05-12340-008,0.5173429000581444,0.0862744822381065
ARKM.1973-05-12341-001,0.48940856494514445,0.25521012451325353
ARKM.1973-05-12341-002,0.37259472711425223,0.20055751875253106
ARKM.1973-05-12362-002,0.4099453376727358,0.19225341315676764
ARKM.1973-05-12364-001,0.4885152592089638,0.23306901703059493
ARKM.1973-05-12364-003,0.5635675989218846,0.5486428260815654
ARKM.1973-05-12364-006,0.3053211662971827,0.2014517392084096
ARKM.1973-05-12380-001,0.2229129503413041,0.09358275220051045
ARKM.1973-05-12503-006,0.4245043318943143,0.4749254515981318
ARKM.1973-05-12503-007,0.6187259662607927,0.827177278083438
ARKM.1973-05-12503-011,0.5707041852380899,0.7080965955214786
ARKM.1973-05-12503-012,0.14083319209121095,0.04391353953536839
ARKM.1973-05-12582-001-011;ARKM.1973-05-12582-001-012,0.6035295861888781,0.06545059572085601
ARKM.1973-05-12582-001-015;ARKM.1973-05-12582-001-016,0.6082088428823393,0.04925661405900912
ARKM.1973-05-12606,0.6573658685446973,0.49540087506908426
ARKM.1973-05-205-10-01,0.7222370035737606,0.5018766452298413
ARKM.1973-05-205-10-02,0.6273915022764945,0.4690157873996061
ARKM.1973-103-006-2281,0.44644069906575545,0.9830697051804757
ARKM.1973-103-006-33,0.4700261988065342,0.9701057034851027
ARKM.1973-103-008-003,0.567448240225361,0.9023499157891961
ARKM.1973-103-008-079,0.6002030890738068,0.8617666025743709
ARKM.1973-103-008-091,0.5934361267397099,1.027367682346375
ARKM.1973-103-008-096,0.5135471886157477,0.8719751528397809
ARKM.1973-103-008-099,0.5830062872982409,0.8533662951027582
ARKM.1973-103-008-107,0.37412297539300315,0.8632811139206188
ARKM.1973-103-008-108,0.5483742972755568,1.0124069400937803
ARKM.1973-103-008-109,0.5282799454948144,0.8825334608932234
ARKM.1973-103-008-120,0.5525013216791035,1.0301156051987688
ARKM.1973-103-008-121,0.5285649842296767,0.8998632468667805
ARKM.1973-103-008-133,0.39286206354207404,0.8625736264579051
ARKM.1973-103-008-134,0.6199552709908518,0.8576910342396024
ARKM.1973-103-021-2312,0.605436845119103,0.9978484157404844
ARKM.1973-103-0265,0.860158627873183,0.8311393779815948
ARKM.1973-103-0270,0.8892047723553035,0.8336974953249071
ARKM.1973-103-0280,0.5234653785686396,0.8123722865903474
ARKM.1973-103-0312,0.9525888629655609,0.6058055409557984
ARKM.1973-103-0313,0.9330671463379819,0.6171441720889115
ARKM.1973-103-0314,0.9538626528682744,0.624480009187065
ARKM.1973-103-036-03,0.5340978960388012,0.7763329705011384
ARKM.1973-103-036-04,0.7076140757652699,0.7956276639060251
ARKM.1973-103-036-05,0.6116930232973458,0.8089856389320699
ARKM.1973-103-036-06,0.6870686002040427,0.7507244528041885
ARKM.1973-103-036-07,0.5631214612456056,0.79019466450594
ARKM.1973-103-036-08,0.6990560689188062,0.7751065446913564
ARKM.1973-103-036-09,0.5918209795157536,0.8024919142594367
ARKM.1973-103-039-001,0.5683818946088275,0.8789092919275489
ARKM.1973-103-039-003,0.9151422785412804,0.8190508835980974
ARKM.1973-103-039-004,0.7279143721838689,0.7665422739417175
ARKM.1973-103-039-006,0.7129075123287334,0.6937394167124779
ARKM.1973-103-039-007,0.7276017356113753,0.7036082805396996
ARKM.1973-103-040,0.44063746286107697,0.8630892462890982
ARKM.1973-103-041-08,0.9490735362435568,0.7134086418076476
ARKM.1973-103-0469,0.8432829660783229,0.8019807247578474
ARKM.1973-103-066-005,0.8401496261603536,0.8796569478527033
ARKM.1973-103-066-013,0.5132152084352737,0.9560650513826301
ARKM.1973-103-066-014,0.31460144655968497,0.98745608150245
ARKM.1973-103-066-015,0.3602500954843116,0.9620545275124261
ARKM.1973-103-066-016,0.7795995111411728,0.9293841691199187
ARKM.1973-103-066-017,0.5565049652109355,1.1127304359153007
ARKM.1973-103-066-018,0.7651576532256272,0.9192487452963771
ARKM.1973-103-066-019,0.8045281168265251,0.8345094981913553
ARKM.1973-103-066-020,0.8737575269308365,0.8060156026581007
ARKM.1973-103-066-023,0.7114771337858868,0.8267777645311394
ARKM.1973-103-067-02,0.8219597659491314,0.737670391781029
ARKM.1973-103-067-04,0.49580353124494875,0.9367149924565957
ARKM.1973-103-067-05,0.5729494489398094,0.9838568094813073
ARKM.1973-103-067-06,0.48336833203864366,0.9227064378671965
ARKM.1973-103-067-07,0.48967185609175884,0.8896520421243834
ARKM.1973-103-067-08,0.7866404056851428,0.8660002493793238
ARKM.1973-103-067-09,0.4772705575133076,0.9008285995163561
ARKM.1973-103-067-1032,0.47217211787062624,0.7482838570932082
ARKM.1973-103-068-01,0.5028606238453758,0.8280117451342102
ARKM.1973-103-070-1,0.8686373267807748,0.7376997217090072
ARKM.1973-103-081-01,0.37048437701329656,0.9369365002823803
ARKM.1973-103-083-01,0.4349652403149248,1.0060741449627753
ARKM.1973-103-083-05,0.2980015985587942,0.8901357094877187
ARKM.1973-103-083-07,0.3159430837133333,0.9352117329369154
ARKM.1973-103-083-14,0.3201382808349227,0.9177003067540822
ARKM.1973-103-083-18,0.42329096324219506,0.983409691394447
ARKM.1973-103-083-22,0.3848016342008909,1.0060590272884797
ARKM.1973-103-083-34,0.284458647077924,0.8523864672274117
ARKM.1973-103-083-43,0.42508933937663884,0.9375783045224046
ARKM.1973-103-084-021,0.6851028111303149,0.8363194940765779
ARKM.1973-103-084-024,0.6627786914532409,0.8503402956273126
ARKM.1973-103-084-027,0.8334590543892179,0.7768489675863032
ARKM.1973-103-084-029,0.7166445332510637,0.8469260139242374
ARKM.1973-103-084-033,0.7579533363408661,0.7845356755066426
ARKM.1973-103-084-044,0.7445833583102947,0.8562608166291437
ARKM.1973-103-084-054,0.43779585090219253,0.9523966686914952
ARKM.1973-103-084-055,0.7003775669774148,0.8650590288682228
ARKM.1973-103-084-065,0.7970474041228831,0.7712076306965354
ARKM.1973-103-084-069,0.7926760210460028,0.7059828411009303
ARKM.1973-103-084-081,0.8384360598972179,0.8250828499248757
ARKM.1973-103-090-01,0.4958839071999847,0.9949270515003967
ARKM.1973-103-090,0.5067820947974108,1.025898361226034
ARKM.1973-103-092-01,0.38592945430274217,0.9672223840579509
ARKM.1973-103-092-02,0.2530422395154648,0.87980759301582
ARKM.1973-103-100,0.753824550152764,0.5565334668985323
ARKM.1973-103-1034,0.4732840431036446,0.948591219430755
ARKM.1973-103-1036,0.5203297852267476,0.9214822455297917
ARKM.1973-103-1047,0.8016702501507161,0.858039455494115
ARKM.1973-103-1049,0.8419905304096583,0.8516602171880324
ARKM.1973-103-1059,0.5441339415697684,0.8581145109655534
ARKM.1973-103-1072,0.29544439962721347,1.0041568786048507
ARKM.1973-103-1092,0.4874432166165183,0.7884050735257981
ARKM.1973-103-1119,0.4794921244114491,0.8223784195732864
ARKM.1973-103-1126,0.6401022639883294,0.9080297743254074
ARKM.1973-103-116-0001,0.7920619927971987,1.0181068820074737
ARKM.1973-103-116-0002,0.6715598147185993,1.0194937270645668
ARKM.1973-103-116-0003,0.7162163249079485,0.9863965471006858
ARKM.1973-103-116-0004,0.6811676482128359,1.002726256046637
ARKM.1973-103-116-0006,0.7443255901627929,0.9796750090243046
ARKM.1973-103-116-0007,0.7365820473414391,1.0236259957339906
ARKM.1973-103-116-0010,0.8939947577184683,0.6684449694007443
ARKM.1973-103-116-0012,0.7614842666539162,1.0212015129812473
ARKM.1973-103-116-0013,0.7217772324872246,1.0040483519924035
ARKM.1973-103-116-0015,0.7094779932442304,0.9665454997335775
ARKM.1973-103-116-0016,0.6865108666580959,0.9822714428945436
ARKM.1973-103-1186,0.678468131741669,0.9153631083217953
ARKM.1973-103-1220,0.3804685850596076,0.9831234375885146
ARKM.1973-103-1226,0.3372212285150125,0.8197308152135337
ARKM.1973-103-150-003,0.5143098169080091,0.7592768599308709
ARKM.1973-103-150-015,0.33928265795416657,0.7979001992342529
ARKM.1973-103-150-027,0.8506975822489999,0.5531480000631414
ARKM.1973-103-150-034,0.32825744126854245,0.8840844900574254
ARKM.1973-103-150-037,0.25235011035120464,0.8240736371020281
ARKM.1973-103-150-039,0.3054845505401936,0.7715242348485863
ARKM.1973-103-150-057,0.32520275409789035,0.8430139907025141
ARKM.1973-103-150-069,0.42283229129093297,0.7719641791028431
ARKM.1973-103-150-105,0.36783574892596616,0.7676285947351541
ARKM.1973-103-150-110,0.44554174075908143,0.7971031542503181
ARKM.1973-103-150-112,0.3489380754246926,0.8544781770076492
ARKM.1973-103-150-114,0.31555492641124033,0.7927215421263976
ARKM.1973-103-150-120,0.4436586268937352,0.8318335945345681
ARKM.1973-103-150-121,0.2844546934340976,0.8036495921164843
ARKM.1973-103-150-127,0.3849469148083691,0.8321710315330504
ARKM.1973-103-150-137,0.2795696140510675,0.828055077110153
ARKM.1973-103-150-139,0.26406843375578193,0.7905414757304751
ARKM.1973-103-150-168,0.5461259454858569,0.715249613696707
ARKM.1973-103-150-171,0.3983115014754692,0.7934804743041862
ARKM.1973-103-150-172,0.3656547148120498,0.8000641921947669
ARKM.1973-103-150-175,0.34514813541401945,0.7762994897143022
ARKM.1973-103-150-177,0.4241663219026239,0.8174235592744111
ARKM.1973-103-150-185,0.30656127030297414,0.8116272895413498
ARKM.1973-103-207,0.4098354220265661,0.8512336868357917
ARKM.1973-103-2110,0.18484504581159864,0.5821591748974764
ARKM.1973-103-2113,0.16974498276880895,0.5878521855983075
ARKM.1973-103-2115,0.19950704291369575,0.5732072306313175
ARKM.1973-103-2146,0.7804857057224727,0.7942848653083754
ARKM.1973-103-2147,0.645720074392841,0.804854576533255
ARKM.1973-103-215,0.5700979671423427,0.8329950455349447
ARKM.1973-103-2153,0.675027873852087,0.7834128947641321
ARKM.1973-103-2230,0.8170850698806666,0.9128413707300564
ARKM.1973-103-2231,0.3306772938076975,0.9758176992195903
ARKM.1973-103-292,0.9280022362624429,0.8091659882155696
ARKM.1973-103-298,0.7382262145855405,0.8051158006766197
ARKM.1973-103-304-25,0.6145107879212681,0.974798966821026
ARKM.1973-103-318,0.9255064681116459,0.7351600200445138
ARKM.1973-103-348,0.8932444754493107,0.7093582956219878
ARKM.1973-103-355,0.9192188440825735,0.7103495366135618
ARKM.1973-103-412,0.920332790243471,0.6884938599186364
ARKM.1973-103-442,0.6136843859213613,0.9253226138521017
ARKM.1973-103-459,0.7787098417112869,0.7554406161670867
ARKM.1973-103-460,0.8145882772301822,0.8116786530756042
ARKM.1973-103-484,0.8791885050963861,0.7215163954383316
ARKM.1973-103-698,0.40094471334287307,0.9478370074137306
ARKM.1973-103-711,0.35775833666029394,0.9099329849575286
ARKM.1973-103-737,0.8231849505698717,0.6919726197008947
ARKM.1973-103-740,0.9226723121286368,0.863223342884244
ARKM.1973-103-742,0.523431153889154,0.8347176290579423
ARKM.1973-103-744,0.5938108642057087,0.9271011022323298
ARKM.1973-103-745,0.7732739976487935,0.8365549001430331
ARKM.1973-103-787,0.4238865621414183,0.6818955909369584
ARKM.1973-103-789,0.4363198521183405,0.7282975076702355
ARKM.1973-103-790,0.43164039403594695,0.7127709561925116
ARKM.1973-103-791,0.4272008703877562,0.6577979661222331
ARKM.1973-103-792,0.42660616851564126,0.6702760389745867
ARKM.1973-103-795,0.426467501626437,0.6946236156990495
ARKM.1973-103-905,0.8406004160741485,0.681079737542684
ARKM.1973-103-910,0.8659646858585108,0.7655956941113572
ARKM.1973-103-9113,0.49475253499409083,0.8500719983219786
ARKM.1973-103-925,0.4465525931047175,0.9119416024360625
ARKM.1973-103-945,0.39939300735521405,0.9077562193315432
ARKM.1973-103-960,0.4780400606521859,0.8680497197100764
ARKM.1973-103-972,0.4385148638406477,0.8823961246402715
ARKM.1973-103-973,0.4227126074442774,0.9087019857948633
ARKM.1973-103-974,0.3832295727093887,0.8901904035001486
ARKM.1973-205-06,0.637638319985855,0.6595814815907348
ARKM.1976-107-0523,0.5664059082751783,0.9248869096052494
ARKM.1976-107-0538,0.6641670566837681,0.962614698815624
ARKM.1985-104-205,0.7445147862425863,0.7419742021492127
ARKM.1985-104-206,0.2728266004549151,0.6529145596286109
ARKM.1985-104-255-0260,0.7360193660223612,0.5650445039828527
ARKM.1985-104-31,0.29445694562042796,0.7043722000431111
ARKM.1985-104-404,0.6176491595062977,0.7779214682174577
ARKM.1985-104-42,0.29969134038098477,0.6891185868305366
ARKM.1985-104-51,0.2662897708459807,0.6820156459885394
ARKM.1985-104-55,0.2713492891122664,0.6669947355927773
ARKM.1985-107-0159,0.14308951761936636,0.242511936017015
ARKM.1985-107-0160,0.24871596678788246,0.6250217995774864
ARKM.1985-107-0161,0.23412735128691053,0.6175119846009013
ARKM.1985-107-03-01,0.6940226772943423,0.734182581823217
ARKM.1985-107-03-02,0.568017086117346,0.7722385360447374
ARKM.1985-107-06-115,0.30180561199748024,0.9614706000826997
ARKM.1985-107-06-2173,0.32587313452389255,0.9527343729240879
ARKM.1985-109-206,0.6524639792899426,0.75197669499676
ARKM.1985-109-235,0.6564876804517731,0.9825662583659849
ARKM.1985-109-240,0.8100950683419674,0.9692762073242643
ARKM.1985-109-241,0.8363707484112757,0.9651796756325816
ARKM.1985-109-311,0.6087952896565053,0.8924540032100444
ARKM.1985-214-02,0.6676466953017927,0.6469291900253841
ARKM.1985-215-01,0.7944573968913735,0.5992910703394607
ARKM.1985-215-03,0.8037792491731599,0.611275944702756
ARKM.1985-223-01,0.6528020079680361,0.6565954359959035
ARKM.1986-104-01,0.6648125826921197,0.9444158172218059
ARKM.1986-106-163681-08,0.7174443339625007,0.9443567941374871
ARKM.1986-106-163682-09,0.9004980902913979,0.9141947105875449
ARKM.1986-106-163682-12,0.8859130368343052,0.9008442940015714
ARKM.1986-106-163682-13,0.8710247229022093,0.8848465188251855
ARKM.1986-106-163682-14,0.8915078533017223,0.8703422243909316
ARKM.1986-106-163682-23,0.8126049997831747,0.8893107087346775
ARKM.1986-106-163682-35,0.860242725148315,0.9024519378264171
ARKM.1986-106-163684,1.0804673374650682,0.7629535735012153
ARKM.1986-106-163685,1.067951089988181,0.7704246734449579
ARKM.1986-106-LEW-Y,1.0935845951977465,0.756850185109847
ARKM.1988-02-3500,0.5127996958189632,0.4567913973262957
ARKM.1988-112-3355,0.7439904413116815,0.8897643469087751
ARKM.1997-110-1023,0.7605234335067369,0.8220274530441709
ARKM.2002-215-01,0.762790707100331,0.4865278627500022
ARKM.2004-17-043,0.6248031103347043,0.5160694327159558
ARKM.2016-101-070,0.46833737074967036,1.0824830746884866
ARKM.2016-101-071,0.48114531346749023,1.0629072175346934
ARKM.2016-101-072,0.4826366977606796,1.094025494032243
ARKM.2016-101-073,0.43224113071431897,1.0662522519887476
ARKM.2016-101-074,0.54909688844141,1.0536353518759964
ARKM.2016-101-075,0.43919370781022793,1.0837429332643467
ARKM.2016-101-076,0.5205341655153004,1.048846652641651
ARKM.2016-101-077,0.6038835699985035,1.0531483064580662
ARKM.2016-101-078,0.5972274938820459,1.068490602075614
ARKM.2016-101-079,0.428655006415973,1.052433498459347
ARKM.2016-101-080,0.42675636103857534,1.0368148024157335
EX.04-01,0.5192029734365844,0.36504095979654644
EX.04-02,0.5272391059608079,0.2897487731494724
EX.04-03,0.8502361269636078,0.7217193144786251
EX.04-04,0.8135936257570472,0.6682414862061267
EX.05-03,0.8135303262159086,0.16706971152702035
EX.05-06,0.7064955569837823,0.4402181480722115
EX.05-08,0.6735842301293571,0.4137722152811494
EX.05-11,0.7109700076169008,0.42343631203590965
EX.05-15,0.6894840652029411,0.42109468142568635
EX.05-16,0.7151965091066768,0.45285604100994586
EX.07-02,0.37611752227363376,0.052194984490702284
EX.07-03,0.3861053354447074,0.03508765823902323
EX.07-04,0.38216033094230684,0.020042222889934198
EX.07-06,0.346641258806212,0.2105894968957277
EX.07-10,0.6846196108451578,0.4653699123938332
EX.07-12,0.5965786492909719,0.45015089199074204
EX.07-13,0.6077727329280129,0.46325273915939735
EX.07-14,0.6538522610514151,0.45232561891767675
EX.10-01,0.869290856555909,0.20733955396845524
EX.11-01,0.9402940893435713,0.2813872316930903
EX.11-02,0.967916051462564,0.2849755243136743
EX.11-03,0.9233819051840647,0.2609000967541899
EX.11-04,0.9265328419475661,0.22040707315567598
EX.11-05,0.9393292391455151,0.24840937735500843
EX.11-06,0.8805375451784013,0.27420063479322954
EX.11-07,0.8646775701704044,0.30006544073106506
EX.11-08,0.942303653470934,0.30497133886090133
EX.11-09,0.8828940103752189,0.3306628544514199
EX.11-10,0.9050696801243936,0.273389848279485
EX.11-11,0.9122573751653774,0.3100338169024401
EX.11-12,0.888675086783945,0.2973729696264287
EX.11-13,0.8958401099259931,0.24681244357377366
EX.11-14,0.9551338461647905,0.2431899417873673
EX.11-15,0.9214101014584294,0.2936314734232668
EX.11-16,0.7694022736838463,0.2070979189755136
EX.11-20,0.709000907471826,0.042446547548415495
EX.11-21,0.618756953387197,0.12223452601375856
EX.11-27,0.15197887308499636,0.4972275295580121
EX.11-28,0.12808169204858022,0.5135032248584995
EX.11-29,0.14515989309075325,0.5110347872103544
EX.11-30,0.4637715029747979,0.1933479423281432
EX.11-31,0.5461085005627607,0.43570116011887233
EX.11-33,0.3516400543285397,0.5374993327149529
EX.11-34,0.8535211929968447,0.19821164661253057
EX.11-35,0.5664900697299443,0.4516061306061001
EX.12-11,0.8732935819008241,0.35503950743651885
EX.12-13,0.5725321269160836,0.3824965527718793
EX.12-14,0.6813399563072918,0.8135006408961086
EX.13-02,0.48506166049648203,0.4539005158119934
EX.14-01,0.43037944956907365,0.17039402742802473
EX.14-04,0.8124794948788676,0.26582564253244895
EX.14-06,0.8271707167866724,0.260809027672356
EX.14-07,0.727436213460744,0.4627484181209971
EX.16-01,0.5784908141275321,0.9482060976515424
EX.16-02,0.6632712607114174,0.8805455924248459
EX.16-03,0.513450399619089,0.9830344095470035
EX.16-04,0.5444634978376682,0.9432751469626153
EX.18-01,0.42828503651659877,0.10899951627720486